{"cameraMode":{"drawMode":0,"name":"Shaded","section":"Shading Mode"},"sceneLighting":false,"audioPlay":false,"sceneViewState":{"showFog":true,"showMaterialUpdate":true,"showSkybox":false,"showFlares":true,"showImageEffects":true,"showParticleSystems":true},"in2DMode":false,"pivot":{"x":-2.8573570251464845,"y":-4.256052494049072,"z":-4.546292304992676},"rotation":{"x":0.10128802806138993,"y":-0.8971303105354309,"z":0.27456820011138918,"w":0.330944687128067},"size":20.42208480834961,"orthographic":false}