{"cameraMode":{"drawMode":0,"name":"Shaded","section":"Shading Mode"},"sceneLighting":true,"audioPlay":false,"sceneViewState":{"showFog":true,"showMaterialUpdate":true,"showSkybox":true,"showFlares":true,"showImageEffects":true,"showParticleSystems":true},"in2DMode":false,"pivot":{"x":-0.4161119759082794,"y":-1.3046647310256959,"z":0.36376404762268069},"rotation":{"x":-0.17144829034805299,"y":-0.04726933687925339,"z":-0.008235854096710682,"w":0.984023928642273},"size":4.720145225524902,"orthographic":false}