{"cameraMode":{"drawMode":0,"name":"Shaded","section":"Shading Mode"},"sceneLighting":false,"audioPlay":false,"sceneViewState":{"showFog":true,"showMaterialUpdate":true,"showSkybox":false,"showFlares":true,"showImageEffects":true,"showParticleSystems":true},"in2DMode":false,"pivot":{"x":1.2175824642181397,"y":0.6519998908042908,"z":-1.2474033832550049},"rotation":{"x":-0.1383802592754364,"y":0.3778195083141327,"z":-0.05722155049443245,"w":-0.9136921167373657},"size":2.1001086235046388,"orthographic":false}