{"cameraMode":{"drawMode":0,"name":"Shaded","section":"Shading Mode"},"sceneLighting":false,"audioPlay":false,"sceneViewState":{"showFog":true,"showMaterialUpdate":true,"showSkybox":false,"showFlares":true,"showImageEffects":true,"showParticleSystems":true},"in2DMode":false,"pivot":{"x":-0.7786756753921509,"y":-0.9528180956840515,"z":1.395768165588379},"rotation":{"x":-0.06743992865085602,"y":-0.016166210174560548,"z":0.0010928709525614977,"w":-0.9975926280021668},"size":10.583409309387207,"orthographic":false}