{"cameraMode":{"drawMode":0,"name":"Shaded","section":"Shading Mode"},"sceneLighting":false,"audioPlay":false,"sceneViewState":{"showFog":true,"showMaterialUpdate":true,"showSkybox":false,"showFlares":true,"showImageEffects":true,"showParticleSystems":true},"in2DMode":false,"pivot":{"x":-1.2774057388305665,"y":6.2924065589904789,"z":0.0},"rotation":{"x":0.04946593940258026,"y":-0.02368210442364216,"z":0.001172526623122394,"w":0.9984965324401856},"size":19.27618408203125,"orthographic":false}