{"cameraMode":{"drawMode":0,"name":"Shaded","section":"Shading Mode"},"sceneLighting":false,"audioPlay":false,"sceneViewState":{"showFog":true,"showMaterialUpdate":true,"showSkybox":false,"showFlares":true,"showImageEffects":true,"showParticleSystems":true},"in2DMode":false,"pivot":{"x":2.5829415321350099,"y":1.1051666736602784,"z":-1.9783484935760499},"rotation":{"x":0.11477597802877426,"y":-0.520605206489563,"z":0.07087957859039307,"w":0.8430805802345276},"size":2.099890947341919,"orthographic":false}