{"cameraMode":{"drawMode":0,"name":"Shaded","section":"Shading Mode"},"sceneLighting":false,"audioPlay":false,"sceneViewState":{"showFog":true,"showMaterialUpdate":true,"showSkybox":false,"showFlares":true,"showImageEffects":true,"showParticleSystems":true},"in2DMode":false,"pivot":{"x":-0.1120452880859375,"y":0.5118421316146851,"z":-0.16238969564437867},"rotation":{"x":0.11477597802877426,"y":-0.520605206489563,"z":0.07087957859039307,"w":0.8430805802345276},"size":1.6320958137512208,"orthographic":false}