{"cameraMode":{"drawMode":0,"name":"Shaded","section":"Shading Mode"},"sceneLighting":false,"audioPlay":false,"sceneViewState":{"showFog":true,"showMaterialUpdate":true,"showSkybox":false,"showFlares":true,"showImageEffects":true,"showParticleSystems":true},"in2DMode":false,"pivot":{"x":0.35924476385116579,"y":0.49586284160614016,"z":-1.1215503215789796},"rotation":{"x":-0.13679170608520509,"y":0.12357977032661438,"z":-0.017202341929078103,"w":-0.9827117919921875},"size":2.1001086235046388,"orthographic":false}