{"cameraMode":{"drawMode":0,"name":"Shaded","section":"Shading Mode"},"sceneLighting":false,"audioPlay":false,"sceneViewState":{"showFog":true,"showMaterialUpdate":true,"showSkybox":false,"showFlares":true,"showImageEffects":true,"showParticleSystems":true},"in2DMode":false,"pivot":{"x":-3.0605409145355226,"y":-5.817016124725342,"z":50.37973403930664},"rotation":{"x":0.04946593940258026,"y":-0.02368210442364216,"z":0.001172526623122394,"w":0.9984965324401856},"size":59.21300506591797,"orthographic":false}