{"cameraMode":{"drawMode":0,"name":"Shaded","section":"Shading Mode"},"sceneLighting":false,"audioPlay":false,"sceneViewState":{"showFog":true,"showMaterialUpdate":true,"showSkybox":true,"showFlares":true,"showImageEffects":true,"showParticleSystems":true},"in2DMode":false,"pivot":{"x":0.02402782440185547,"y":1.4971973896026612,"z":0.8286700248718262},"rotation":{"x":0.059109948575496677,"y":-0.2734341621398926,"z":0.016837438568472863,"w":0.9599250555038452},"size":22.453598022460939,"orthographic":false}