{"cameraMode":{"drawMode":0,"name":"Shaded","section":"Shading Mode"},"sceneLighting":true,"audioPlay":false,"sceneViewState":{"showFog":true,"showMaterialUpdate":true,"showSkybox":true,"showFlares":true,"showImageEffects":true,"showParticleSystems":true},"in2DMode":false,"pivot":{"x":-1.4053196907043458,"y":0.5844018459320068,"z":11.621845245361329},"rotation":{"x":-0.016492867842316629,"y":-0.028492171317338945,"z":-0.00047020683996379375,"w":0.9994573593139648},"size":22.0,"orthographic":false}