{"cameraMode":{"drawMode":0,"name":"Shaded","section":"Shading Mode"},"sceneLighting":false,"audioPlay":false,"sceneViewState":{"showFog":true,"showMaterialUpdate":true,"showSkybox":false,"showFlares":true,"showImageEffects":true,"showParticleSystems":true},"in2DMode":false,"pivot":{"x":0.003956317901611328,"y":0.6149921417236328,"z":3.594933032989502},"rotation":{"x":-0.27722805738449099,"y":0.7224435806274414,"z":0.434522420167923,"w":0.4609011113643646},"size":5.235960006713867,"orthographic":false}