{"cameraMode":{"drawMode":0,"name":"Shaded","section":"Shading Mode"},"sceneLighting":true,"audioPlay":false,"sceneViewState":{"showFog":true,"showMaterialUpdate":true,"showSkybox":true,"showFlares":true,"showImageEffects":true,"showParticleSystems":true},"in2DMode":false,"pivot":{"x":-1.4047257900238038,"y":0.8399029970169067,"z":-0.5668401718139648},"rotation":{"x":0.07637833058834076,"y":-0.03528006747364998,"z":0.0027021346613764765,"w":0.9964588284492493},"size":8.057207107543946,"orthographic":false}