{"cameraMode":{"drawMode":0,"name":"Shaded","section":"Shading Mode"},"sceneLighting":false,"audioPlay":false,"sceneViewState":{"showFog":true,"showMaterialUpdate":true,"showSkybox":false,"showFlares":true,"showImageEffects":true,"showParticleSystems":true},"in2DMode":false,"pivot":{"x":-0.011972113512456417,"y":-4.44189453125,"z":4.9797563552856449},"rotation":{"x":0.04097641259431839,"y":0.9049641489982605,"z":0.41394147276878359,"w":-0.08959074318408966},"size":0.7260138392448425,"orthographic":false}