{"cameraMode":{"drawMode":0,"name":"Shaded","section":"Shading Mode"},"sceneLighting":false,"audioPlay":false,"sceneViewState":{"showFog":true,"showMaterialUpdate":true,"showSkybox":false,"showFlares":true,"showImageEffects":true,"showParticleSystems":true},"in2DMode":false,"pivot":{"x":0.0,"y":-0.00040721893310546875,"z":0.0002771615982055664},"rotation":{"x":0.10178431868553162,"y":-0.8967174291610718,"z":0.2759135961532593,"w":0.3307923972606659},"size":13.774040222167969,"orthographic":false}