{"cameraMode":{"drawMode":0,"name":"Shaded","section":"Shading Mode"},"sceneLighting":false,"audioPlay":false,"sceneViewState":{"showFog":true,"showMaterialUpdate":true,"showSkybox":false,"showFlares":true,"showImageEffects":true,"showParticleSystems":true},"in2DMode":false,"pivot":{"x":1.7156699895858765,"y":-0.24995601177215577,"z":0.9233430624008179},"rotation":{"x":0.04596341401338577,"y":-0.8050439357757568,"z":0.06292106211185456,"w":0.5880765318870544},"size":4.45760440826416,"orthographic":false}