{"cameraMode":{"drawMode":0,"name":"Shaded","section":"Shading Mode"},"sceneLighting":false,"audioPlay":false,"sceneViewState":{"showFog":true,"showMaterialUpdate":true,"showSkybox":true,"showFlares":true,"showImageEffects":true,"showParticleSystems":true},"in2DMode":false,"pivot":{"x":3.4576497077941896,"y":1.5558619499206544,"z":-5.547851085662842},"rotation":{"x":-0.12137944996356964,"y":0.46970781683921816,"z":-0.06538309156894684,"w":-0.8719902038574219},"size":2.7064945697784426,"orthographic":false}