{"cameraMode":{"drawMode":0,"name":"Shaded","section":"Shading Mode"},"sceneLighting":false,"audioPlay":false,"sceneViewState":{"showFog":true,"showMaterialUpdate":true,"showSkybox":true,"showFlares":true,"showImageEffects":true,"showParticleSystems":true},"in2DMode":false,"pivot":{"x":-3.771594524383545,"y":-2.9233527183532717,"z":4.824159622192383},"rotation":{"x":0.09996438026428223,"y":-0.0849648118019104,"z":0.008567973971366883,"w":0.9913197755813599},"size":14.648981094360352,"orthographic":false}