{"cameraMode":{"drawMode":0,"name":"Shaded","section":"Shading Mode"},"sceneLighting":false,"audioPlay":false,"sceneViewState":{"showFog":true,"showMaterialUpdate":true,"showSkybox":false,"showFlares":true,"showImageEffects":true,"showParticleSystems":true},"in2DMode":false,"pivot":{"x":-0.7226535677909851,"y":-1.2145416736602784,"z":3.071761131286621},"rotation":{"x":0.09407680481672287,"y":-0.07697586715221405,"z":0.007295883726328611,"w":0.9925573468208313},"size":11.252626419067383,"orthographic":false}