{"cameraMode":{"drawMode":0,"name":"Shaded","section":"Shading Mode"},"sceneLighting":false,"audioPlay":false,"sceneViewState":{"showFog":true,"showMaterialUpdate":true,"showSkybox":false,"showFlares":true,"showImageEffects":true,"showParticleSystems":true},"in2DMode":false,"pivot":{"x":0.8445494174957275,"y":-0.9744555950164795,"z":-9.444270133972168},"rotation":{"x":0.001343735959380865,"y":0.9974327087402344,"z":-0.0689319521188736,"w":0.019462060183286668},"size":19.27618408203125,"orthographic":false}