{"cameraMode":{"drawMode":0,"name":"Shaded","section":"Shading Mode"},"sceneLighting":false,"audioPlay":false,"sceneViewState":{"showFog":true,"showMaterialUpdate":true,"showSkybox":false,"showFlares":true,"showImageEffects":true,"showParticleSystems":true},"in2DMode":false,"pivot":{"x":-3.4786195755004885,"y":-4.554200649261475,"z":-3.7509679794311525},"rotation":{"x":0.10128802806138993,"y":-0.8971303105354309,"z":0.27456820011138918,"w":0.330944687128067},"size":15.200490951538086,"orthographic":false}