{"cameraMode":{"drawMode":0,"name":"Shaded","section":"Shading Mode"},"sceneLighting":false,"audioPlay":false,"sceneViewState":{"showFog":true,"showMaterialUpdate":true,"showSkybox":false,"showFlares":true,"showImageEffects":true,"showParticleSystems":true},"in2DMode":false,"pivot":{"x":-2.637549638748169,"y":0.6474027633666992,"z":1.6358063220977784},"rotation":{"x":0.007635665126144886,"y":-0.9776776432991028,"z":0.2068520188331604,"w":0.036090120673179629},"size":4.45760440826416,"orthographic":false}